{
 "base64_encoded_keys": [],
 "ds": {
  "_doc": "EXPERIMENTAL: The structure and format of content scoped under the 'ds' key may change in subsequent releases of cloud-init.",
  "meta_data": {
   "imds": {
    "compute": {
     "azEnvironment": "AzurePublicCloud",
     "customData": "",
     "evictionPolicy": "",
     "extendedLocation": {
      "name": "",
      "type": ""
     },
     "isHostCompatibilityLayerVm": "true",
     "licenseType": "",
     "location": "northeurope",
     "name": "MyVMIoT1",
     "offer": "0001-com-ubuntu-server-jammy",
     "osProfile": {
      "adminUsername": "azureuser1",
      "computerName": "MyVMIoT1",
      "disablePasswordAuthentication": "false"
     },
     "osType": "Linux",
     "placementGroupId": "",
     "plan": {
      "name": "",
      "product": "",
      "publisher": ""
     },
     "platformFaultDomain": "0",
     "platformUpdateDomain": "0",
     "priority": "",
     "provider": "Microsoft.Compute",
     "publicKeys": [],
     "publisher": "canonical",
     "resourceGroupName": "IoT-gruppeA4-RG1",
     "resourceId": "/subscriptions/8ee8ae69-02fb-4544-99b4-3e32869102c8/resourceGroups/IoT-gruppeA4-RG1/providers/Microsoft.Compute/virtualMachines/MyVMIoT1",
     "securityProfile": {
      "secureBootEnabled": "true",
      "virtualTpmEnabled": "true"
     },
     "sku": "22_04-lts-gen2",
     "storageProfile": {
      "dataDisks": [],
      "imageReference": {
       "id": "",
       "offer": "0001-com-ubuntu-server-jammy",
       "publisher": "canonical",
       "sku": "22_04-lts-gen2",
       "version": "latest"
      },
      "osDisk": {
       "caching": "ReadWrite",
       "createOption": "FromImage",
       "diffDiskSettings": {
        "option": ""
       },
       "diskSizeGB": "30",
       "encryptionSettings": {
        "enabled": "false"
       },
       "image": {
        "uri": ""
       },
       "managedDisk": {
        "id": "/subscriptions/8ee8ae69-02fb-4544-99b4-3e32869102c8/resourceGroups/IoT-gruppeA4-RG1/providers/Microsoft.Compute/disks/MyVMIoT1_disk1_84854fda98f74462ab0abb85f3ccc8c2",
        "storageAccountType": "Premium_LRS"
       },
       "name": "MyVMIoT1_disk1_84854fda98f74462ab0abb85f3ccc8c2",
       "osType": "Linux",
       "vhd": {
        "uri": ""
       },
       "writeAcceleratorEnabled": "false"
      },
      "resourceDisk": {
       "size": "34816"
      }
     },
     "subscriptionId": "8ee8ae69-02fb-4544-99b4-3e32869102c8",
     "tags": "",
     "tagsList": [],
     "userData": "redacted for non-root user",
     "version": "22.04.202403080",
     "virtualMachineScaleSet": {
      "id": ""
     },
     "vmId": "8d33a8ef-fb33-429d-a0da-a847701250cd",
     "vmScaleSetName": "",
     "vmSize": "Standard_B1s",
     "zone": "1"
    },
    "extended": {
     "compute": {
      "hasCustomData": false,
      "ppsType": "None"
     }
    },
    "network": {
     "interface": [
      {
       "ipv4": {
        "ipAddress": [
         {
          "privateIpAddress": "10.1.0.4",
          "publicIpAddress": ""
         }
        ],
        "subnet": [
         {
          "address": "10.1.0.0",
          "prefix": "24"
         }
        ]
       },
       "ipv6": {
        "ipAddress": []
       },
       "macAddress": "000D3ADD7CAA"
      }
     ]
    }
   },
   "instance-id": "8d33a8ef-fb33-429d-a0da-a847701250cd",
   "local-hostname": "MyVMIoT1",
   "random_seed": "T0VNMGQAAAABd1ZSVFVBTE1JQ1JPU0ZUAQAAAE1TRlQBAAAAx4HAtBMVIV2vuW794ifN6jFV8Pz56WxngopY5OJa+2yncAwrxeQghsl6dfA0xwGZnTKc9/WzSOYZox1Y1NhwLA=="
  }
 },
 "merged_cfg": "redacted for non-root user",
 "merged_system_cfg": "redacted for non-root user",
 "sensitive_keys": [
  "ds/meta_data/imds/compute/userData",
  "merged_cfg",
  "merged_system_cfg"
 ],
 "sys_info": {
  "dist": [
   "ubuntu",
   "22.04",
   "jammy"
  ],
  "platform": "Linux-6.5.0-1016-azure-x86_64-with-glibc2.35",
  "python": "3.10.12",
  "release": "6.5.0-1016-azure",
  "system": "Linux",
  "uname": [
   "Linux",
   "MyVMIoT1",
   "6.5.0-1016-azure",
   "#16~22.04.1-Ubuntu SMP Fri Feb 16 15:42:02 UTC 2024",
   "x86_64",
   "x86_64"
  ],
  "variant": "ubuntu"
 },
 "v1": {
  "_beta_keys": [
   "subplatform"
  ],
  "availability-zone": "0",
  "availability_zone": "0",
  "cloud-name": "azure",
  "cloud_id": "azure",
  "cloud_name": "azure",
  "distro": "ubuntu",
  "distro_release": "jammy",
  "distro_version": "22.04",
  "instance-id": "8d33a8ef-fb33-429d-a0da-a847701250cd",
  "instance_id": "8d33a8ef-fb33-429d-a0da-a847701250cd",
  "kernel_release": "6.5.0-1016-azure",
  "local-hostname": "MyVMIoT1",
  "local_hostname": "MyVMIoT1",
  "machine": "x86_64",
  "platform": "azure",
  "public_ssh_keys": [],
  "python_version": "3.10.12",
  "region": "northeurope",
  "subplatform": "config-disk (/dev/sr0)",
  "system_platform": "Linux-6.5.0-1016-azure-x86_64-with-glibc2.35",
  "variant": "ubuntu"
 }
}
