{
 "v1": {
  "datasource": "DataSourceAzure [seed=/var/lib/waagent]",
  "init": {
   "errors": [],
   "finished": 1711017609.9512553,
   "recoverable_errors": {},
   "start": 1711017609.4617314
  },
  "init-local": {
   "errors": [],
   "finished": 1711017607.849881,
   "recoverable_errors": {},
   "start": 1711017607.117153
  },
  "modules-config": {
   "errors": [],
   "finished": 1711017615.8450346,
   "recoverable_errors": {},
   "start": 1711017615.5636554
  },
  "modules-final": {
   "errors": [],
   "finished": 1711017616.3191812,
   "recoverable_errors": {},
   "start": 1711017616.1681173
  },
  "stage": null
 }
}
